Phantom,A friendly Solana wallet built for DeFi & NFTs,https://phantom.app/,https://www.landingfolio.com/inspiration/post/Phantom
Milanote,The tool for organizing creative projects,https://milanote.com/,https://www.landingfolio.com/inspiration/post/Milanote
Meisternote,Collaborative Documentation for Teams,https://www.meisternote.com/,https://www.landingfolio.com/inspiration/post/Meisternote
Everafter,Best Client Onboarding Software,https://www.everafter.ai/,https://www.landingfolio.com/inspiration/post/Everafter
Congressus,"Congressus, dÃ© totaaloplossing voor jouw vereniging.",https://congressus.nl/,https://www.landingfolio.com/inspiration/post/Congressus
Tailory,Buy & sell Tailwind components,https://tailory.io/,https://www.landingfolio.com/inspiration/post/Tailory
Relume,We Make Beautiful Websites That Evolve,https://www.relume.io/,https://www.landingfolio.com/inspiration/post/Relume
123d,Universal Icon Set,https://123d.one/products/universal-icon-set-landing/,https://www.landingfolio.com/inspiration/post/123d
Hopin,"Event Technology Platform for Virtual, Hybrid, and Online Experiences | Hopin",https://hopin.com/,https://www.landingfolio.com/inspiration/post/Hopin
Tara,"Define, plan & track mission-critical product updates",https://tara.ai/,https://www.landingfolio.com/inspiration/post/Tara
Spatium,Beautiful space images and information of your current sky map location on every new tab.,https://spatium.earth/,https://www.landingfolio.com/inspiration/post/Spatium
Usemooze,Personalize your video meetings,https://www.usemooze.com/,https://www.landingfolio.com/inspiration/post/Usemooze
Liveblocks,Build amazing realâ€‘time collaborative products,https://liveblocks.io/,https://www.landingfolio.com/inspiration/post/Liveblocks
Lemonsqueezy,Sell digital products the easy-peasy way,https://www.lemonsqueezy.com/,https://www.landingfolio.com/inspiration/post/Lemonsqueezy
Qatalog,Work hub,https://qatalog.com/,https://www.landingfolio.com/inspiration/post/Qatalog
Forestadmin,Build one internal tool for all your data,https://www.forestadmin.com/,https://www.landingfolio.com/inspiration/post/Forestadmin
Pixeltrue,Get A Superhero Design Team To Grow Your Business,https://www.pixeltrue.com?via=danny,https://www.landingfolio.com/inspiration/post/Pixeltrue
Clew,"Best-in-class tool, for organizing the work of your life.",https://clew.ai/,https://www.landingfolio.com/inspiration/post/Clew
Maze,"Rapid, remote testing for agile teams",https://maze.co/,https://www.landingfolio.com/inspiration/post/Maze
Animaapp,Design to code,https://www.animaapp.com/,https://www.landingfolio.com/inspiration/post/Animaapp
KongHQ,The Cloud Connectivity Company for APIs & Microservices,https://konghq.com/,https://www.landingfolio.com/inspiration/post/KongHQ
Mixpanel,"Product Analytics for Mobile, Web, & More",https://mixpanel.com/,https://www.landingfolio.com/inspiration/post/Mixpanel
Testimonial,Collect video testimonials,https://testimonial.to/,https://www.landingfolio.com/inspiration/post/Testimonial
Prisma,Next-generation Node.js and TypeScript ORM for Databases,https://www.prisma.io/,https://www.landingfolio.com/inspiration/post/Prisma
Mightyapp,Faster Google Chrome that uses 10x less memory,https://www.mightyapp.com/,https://www.landingfolio.com/inspiration/post/Mightyapp
Cohere,Get unparalleled visibility. Now retroactively.,https://cohere.so/replay,https://www.landingfolio.com/inspiration/post/Cohere
Userleap,Product & User Research Software,https://userleap.com/,https://www.landingfolio.com/inspiration/post/Userleap
At,Hybrid work coordination made simple,https://at.cafe/,https://www.landingfolio.com/inspiration/post/At
Frill,"A free customer feedback, Roadmap and Announcements tool.",https://frill.co/,https://www.landingfolio.com/inspiration/post/Frill
Focusplan,Mind Mapping & Brainstorming,https://www.focusplan.app/,https://www.landingfolio.com/inspiration/post/Focusplan
Flatfile,The new standard for customer data onboarding,https://www.flatfile.io/,https://www.landingfolio.com/inspiration/post/Flatfile
Grain,Create Content from Zoom Meetings,https://grain.co/,https://www.landingfolio.com/inspiration/post/Grain
Figmaster,Design systems workbook for Figma,https://www.figmaster.co/,https://www.landingfolio.com/inspiration/post/Figmaster
Garnet,Hold virtual fireside chats,https://www.garnet.app/,https://www.landingfolio.com/inspiration/post/Garnet
Awesomic,Awesomic design to cover all your business needs,https://www.awesomic.io/,https://www.landingfolio.com/inspiration/post/Awesomic
Traverse,The Superlearning App,https://traverse.link/,https://www.landingfolio.com/inspiration/post/Traverse
Mmm,"Dead simple, drag & drop personal websites",https://build.mmm.page/,https://www.landingfolio.com/inspiration/post/Mmm
Geneva,A home for groups of all shapes and sizes,https://geneva.com/,https://www.landingfolio.com/inspiration/post/Geneva
Cohere,"Talk to your customers, directly on your site",https://cohere.so/voice,https://www.landingfolio.com/inspiration/post/Cohere
Play,Creative teamwork from anywhere,https://play.space/,https://www.landingfolio.com/inspiration/post/Play
Albacross,Revenue Acceleration Platform,https://albacross.com/,https://www.landingfolio.com/inspiration/post/Albacross
Napkin,Backend in the Browser,https://www.napkin.io/,https://www.landingfolio.com/inspiration/post/Napkin
Retail Express,Point of Sale (POS) Software in Australia & NZ,https://www.retailexpress.com.au/,https://www.landingfolio.com/inspiration/post/Retail-Express
Designwiz,Delightful high-quality design,https://www.designwiz.co/,https://www.landingfolio.com/inspiration/post/Designwiz
Landingpage.fyi,100+ Tools to Build a Landing Page,https://landingpage.fyi/landing-page-checklist.html,https://www.landingfolio.com/inspiration/post/Landingpage.fyi
Arrows,Collaborative onboarding for your high-touch customers,https://arrows.to/,https://www.landingfolio.com/inspiration/post/Arrows
Cueup,DJs for parties and events,https://cueup.io,https://www.landingfolio.com/inspiration/post/Cueup
Remaketheweb,A web app framework for makers,https://remaketheweb.com/,https://www.landingfolio.com/inspiration/post/Remaketheweb
Getbigmail,Upgrade your inbox,https://getbigmail.com/,https://www.landingfolio.com/inspiration/post/Getbigmail
Uniswap,Guaranteed liquidity for millions of users and hundreds of Ethereum applications.,https://uniswap.org/,https://www.landingfolio.com/inspiration/post/Uniswap
Fortmatic,Build web3 dApps without extensions or downloads,https://fortmatic.com/,https://www.landingfolio.com/inspiration/post/Fortmatic
Useflowkit,"Userflows right inside your favorite design tool. Available for Figma, Sketch, and Adobe XD.",https://useflowkit.com/,https://www.landingfolio.com/inspiration/post/Useflowkit
Brightful,Conversation and Social Games for Remote Teams,https://www.brightful.me/play/,https://www.landingfolio.com/inspiration/post/Brightful
Wannathis,3d illustration icon kit,https://wannathis.one/kukla-kit,https://www.landingfolio.com/inspiration/post/Wannathis
Full Stack,Full Stack UI,https://fullstackui.com/,https://www.landingfolio.com/inspiration/post/Full-Stack
Gusto Wallet,Download the Gusto Wallet mobile app,https://gusto.com/wallet,https://www.landingfolio.com/inspiration/post/Gusto-Wallet
Clipdrop,ClipDrop (AR Copy Paste),https://clipdrop.co/,https://www.landingfolio.com/inspiration/post/Clipdrop
Narrative,Actionable Insights from Enterprise Data,https://www.narrative.bi/,https://www.landingfolio.com/inspiration/post/Narrative
Hypersay,Online event platform,https://hypersay.events/,https://www.landingfolio.com/inspiration/post/Hypersay
Useloops,Design Feedback Platform | Loops,https://www.useloops.com/,https://www.landingfolio.com/inspiration/post/Useloops
Tally,Tally forms,https://tally.so/,https://www.landingfolio.com/inspiration/post/Tally
Andrejilderda,Freelance front-end developer & designer,https://www.andrejilderda.nl/,https://www.landingfolio.com/inspiration/post/Andrejilderda
Placement,Job Search Tracker & CRM,https://www.placement.com/,https://www.landingfolio.com/inspiration/post/Placement
Form,Submitting your online forms,https://form.taxi/en,https://www.landingfolio.com/inspiration/post/Form
Pipe,Instant access to your annual cash flow,https://www.pipe.com/,https://www.landingfolio.com/inspiration/post/Pipe
Retool,"Build internal tools, remarkably fast.",https://retool.com/,https://www.landingfolio.com/inspiration/post/Retool
Rarible,Create and sell digital collectibles secured with blockchain,https://rarible.com/,https://www.landingfolio.com/inspiration/post/Rarible
Confettihabits,A platform for celebrating daily progress towards your goals,https://confettihabits.com/,https://www.landingfolio.com/inspiration/post/Confettihabits
Savvycal,Scheduling Software Your Recipients Will Love,https://savvycal.com/,https://www.landingfolio.com/inspiration/post/Savvycal
Teamflowhq,Feel like a team again,https://www.teamflowhq.com/,https://www.landingfolio.com/inspiration/post/Teamflowhq
Squaredacademy,Your online homepage,https://www.squaredacademy.com/link,https://www.landingfolio.com/inspiration/post/Squaredacademy
Kinsta,Your Free Local WordPress Development Suite,https://kinsta.com/devkinsta/,https://www.landingfolio.com/inspiration/post/Kinsta
Trainn,Product adoption & User Onboarding with Videos,https://trainn.co/,https://www.landingfolio.com/inspiration/post/Trainn
New.cauldron,The Job Application Process,https://new.cauldron.app/,https://www.landingfolio.com/inspiration/post/New.cauldron
Gingertag,"Clean, Simple, No-Code Analytics",https://gingertag.com/,https://www.landingfolio.com/inspiration/post/Gingertag
Upvoty,User feedback tool,https://www.upvoty.com/,https://www.landingfolio.com/inspiration/post/Upvoty
Growthmentor,Startup Mentors for Growth-Addicted Founders & Marketers,https://www.growthmentor.com/,https://www.landingfolio.com/inspiration/post/Growthmentor
Dashcom-ui,UI kit,https://dashcom-ui.com/,https://www.landingfolio.com/inspiration/post/Dashcom-ui
Unikorns,Web design & JAMstack development studio,https://www.unikorns.work/,https://www.landingfolio.com/inspiration/post/Unikorns
Cartpops,Improve your WooCommerce cart with a few clicks,https://cartpops.com/,https://www.landingfolio.com/inspiration/post/Cartpops
Farmwise,FarmWise | Feeding Our World and Our Future,https://farmwise.io/,https://www.landingfolio.com/inspiration/post/Farmwise
Snappr,Great Pro Photographers On-Demand,https://www.snappr.com/,https://www.landingfolio.com/inspiration/post/Snappr
Facet,Unmask Your Creativity,https://facet.ai/,https://www.landingfolio.com/inspiration/post/Facet
Assembled,Assembled | Modern Workforce Management Platform,https://www.assembled.com/,https://www.landingfolio.com/inspiration/post/Assembled
Apselon,On-demand UX/UI Design,https://apselon.co,https://www.landingfolio.com/inspiration/post/Apselon
Workstream,Hire Hourly Employees Faster,https://www.workstream.us/,https://www.landingfolio.com/inspiration/post/Workstream
Prowly,PR & Media Relations Software,https://prowly.com/,https://www.landingfolio.com/inspiration/post/Prowly
Circle,The modern community platform for creators,https://circle.so/,https://www.landingfolio.com/inspiration/post/Circle
Shiftnudge,The allâ€“new online learning experience for designing beautiful and accessible interfaces.,https://shiftnudge.com/,https://www.landingfolio.com/inspiration/post/Shiftnudge
Complish,Build the habits of a high-performing team,https://www.complish.app/,https://www.landingfolio.com/inspiration/post/Complish
AI Landing Page Builder,"Say goodbye to manually creating landing pages and writing copy.

Our AI-powered landing page builder helps you create custom landing pages for your business in minutes â€” no writing, designing or coding required.",https://headlime.com/features/landing-page,https://www.landingfolio.com/inspiration/post/AI-Landing-Page-Builder
Placement,Everyone's Talent Agent,https://www.placement.com,https://www.landingfolio.com/inspiration/post/Placement
Web3forms,Create Contact forms without Server,https://web3forms.com/,https://www.landingfolio.com/inspiration/post/Web3forms
Brutask,Task manager for small teams,https://brutask.com/,https://www.landingfolio.com/inspiration/post/Brutask
Prisma,Next-generation ORM for Node.js and TypeScript,https://www.prisma.io/,https://www.landingfolio.com/inspiration/post/Prisma
Mapauthority,MapAuthority,https://www.mapauthority.com/,https://www.landingfolio.com/inspiration/post/Mapauthority
Bemore,Get 40 iPhone 3d Mockups,https://www.bemore.graphics/,https://www.landingfolio.com/inspiration/post/Bemore
Bold,Change Someoneâ€™s Life Today,https://bold.org/donors/,https://www.landingfolio.com/inspiration/post/Bold
Headlime,Professional marketing copy for anyone,https://headlime.com/,https://www.landingfolio.com/inspiration/post/Headlime
InitiatorCreator,Initiator Creator,https://initiatorcreator.com/,https://www.landingfolio.com/inspiration/post/InitiatorCreator
Fellow,"Great Meetings Start Here: Collaborative Meeting Agendas, Action Items and more...",https://fellow.app/,https://www.landingfolio.com/inspiration/post/Fellow
Nightwatch,Nightwatch Keyword Rank Monitor & Backlink Tracker,https://nightwatch.io/,https://www.landingfolio.com/inspiration/post/Nightwatch
Stir,Where creators run their business.,https://www.usestir.com/,https://www.landingfolio.com/inspiration/post/Stir
Collaborativefund,Collaborative Fund,https://www.collaborativefund.com/,https://www.landingfolio.com/inspiration/post/Collaborativefund
Doo,Get Things Done,https://getdooapp.com/,https://www.landingfolio.com/inspiration/post/Doo
Avocode,Collaborate on Design Copy Online,https://avocode.com/design-copywriting,https://www.landingfolio.com/inspiration/post/Avocode
Twingate,Secure remote access for distributed workforces,https://www.twingate.com/,https://www.landingfolio.com/inspiration/post/Twingate
Plangraph,Pricing and packaging for SaaS products,https://www.plangraph.io/,https://www.landingfolio.com/inspiration/post/Plangraph
MagicPattern,Beautiful SVG background patterns generator,https://www.magicpattern.design/,https://www.landingfolio.com/inspiration/post/MagicPattern
Swingvy,The People Operations Platform,https://www.swingvy.com/,https://www.landingfolio.com/inspiration/post/Swingvy
ChimpCharge,Payment links to automate your business,https://www.chimpcharge.com/,https://www.landingfolio.com/inspiration/post/ChimpCharge
Sidemail,Email delivery made simple for startups,https://sidemail.io/,https://www.landingfolio.com/inspiration/post/Sidemail
Toucan,Learn a new language,https://jointoucan.com/,https://www.landingfolio.com/inspiration/post/Toucan
Tidze,Your Virtual Stage,https://tidze.com/,https://www.landingfolio.com/inspiration/post/Tidze
Bemore,Get 40 iPhone 3d Mockups,https://www.bemore.graphics/,https://www.landingfolio.com/inspiration/post/Bemore
Fluz,Cash Back That Keeps Coming Back,https://fluz.app/,https://www.landingfolio.com/inspiration/post/Fluz
Picter,Content review and approval made easy,https://www.picter.com/,https://www.landingfolio.com/inspiration/post/Picter
Niice,Niice 3.0 Early Access,https://niice.co/early-access,https://www.landingfolio.com/inspiration/post/Niice
Intercom,Intercom,https://www.intercom.com/series,https://www.landingfolio.com/inspiration/post/Intercom
Pzizz,Sleep at the push of a button,https://pzizz.com/,https://www.landingfolio.com/inspiration/post/Pzizz
Muse,Your tool for thought,https://museapp.com/,https://www.landingfolio.com/inspiration/post/Muse
Lu,Host Delightful Zoom Events,https://lu.ma/,https://www.landingfolio.com/inspiration/post/Lu
Ilo,Better Twitter analytics.,https://ilo.so/,https://www.landingfolio.com/inspiration/post/Ilo
Synthesia,AI video generation platform,https://www.synthesia.io/,https://www.landingfolio.com/inspiration/post/Synthesia
Kiff,Eat fresh and stop wasting food,https://kiff.app/,https://www.landingfolio.com/inspiration/post/Kiff
Appfollow,Service for everyone in mobile business ðŸš€,https://appfollow.io/,https://www.landingfolio.com/inspiration/post/Appfollow
Wobaka,Simple CRM and Sales Automation for Small Teams,https://wobaka.com,https://www.landingfolio.com/inspiration/post/Wobaka
Super Creative,"All the freelance documents you need, as Notion templates",https://www.supercreative.design/download/notionpack,https://www.landingfolio.com/inspiration/post/Super-Creative
LearnWorlds,Create & Sell Online Courses from Your Own Site,https://www.learnworlds.com/,https://www.landingfolio.com/inspiration/post/LearnWorlds
Swell,build a headless ecommerce store in minutes,https://www.swell.is/,https://www.landingfolio.com/inspiration/post/Swell
Framer,Volt Prototyping Starter Kit,https://www.framer.com/volt/,https://www.landingfolio.com/inspiration/post/Framer
Secureframe,Secureframe | SOC 2 and ISO 27001 Compliance,https://secureframe.com/,https://www.landingfolio.com/inspiration/post/Secureframe
Exer,Exer Studio from Exer AI,https://www.exerstudio.com/,https://www.landingfolio.com/inspiration/post/Exer
Taskade,All-in-One Collaboration,https://www.taskade.com/,https://www.landingfolio.com/inspiration/post/Taskade
Maze,Design that works,https://maze.design/,https://www.landingfolio.com/inspiration/post/Maze
Bravo,The best no-code tool to build native apps,https://www.bravostudio.app/,https://www.landingfolio.com/inspiration/post/Bravo
Raindrop,All-in-one bookmark manager,https://raindrop.io/,https://www.landingfolio.com/inspiration/post/Raindrop
Scrapingbee,A web scraping API that handles proxies and CAPTCHAs for you,https://www.scrapingbee.com,https://www.landingfolio.com/inspiration/post/Scrapingbee
Livestorm,Video Conferencing Software for Webinars and Online Meetings,https://livestorm.co/,https://www.landingfolio.com/inspiration/post/Livestorm
Typedesk,"Canned Responses, Supercharged!",https://www.typedesk.com/,https://www.landingfolio.com/inspiration/post/Typedesk
Canny,Customer Feedback Management Tool,https://canny.io/,https://www.landingfolio.com/inspiration/post/Canny
Noodl,Low-code for when experiences matter,https://www.noodl.net/,https://www.landingfolio.com/inspiration/post/Noodl
Twingate,Twingate â€“ Secure remote access for distributed workforces,https://www.twingate.com/,https://www.landingfolio.com/inspiration/post/Twingate
Swell,"Swell is the most powerful headless eCommerce platform for modern brands, startups, and agencies.",https://www.swell.is/,https://www.landingfolio.com/inspiration/post/Swell
Myfront,Your personal frontpage of the internet,https://myfront.page/,https://www.landingfolio.com/inspiration/post/Myfront
RevKit,Design System UI Kit,https://rev.webkul.design/kit/,https://www.landingfolio.com/inspiration/post/RevKit
Productideasbook,Actionable Techniques for Finding New Business and Side-Hustle Ideas,https://productideasbook.com/,https://www.landingfolio.com/inspiration/post/Productideasbook
Getfilteroff,Video Dating App,https://getfilteroff.com/,https://www.landingfolio.com/inspiration/post/Getfilteroff
Papyrs,Easy Company Intranet & Team Wiki,https://papyrs.com/,https://www.landingfolio.com/inspiration/post/Papyrs
Nightwatch,Keyword Rank Monitor & Backlink Tracker,https://nightwatch.io/,https://www.landingfolio.com/inspiration/post/Nightwatch
Sendle,"Cheaper, simpler, faster, greener small business shipping",https://www.sendle.com/,https://www.landingfolio.com/inspiration/post/Sendle
Updiagram,Transform Ideas Into Action,https://www.updiagram.com/,https://www.landingfolio.com/inspiration/post/Updiagram
Togeto,Bring teams together to where they get more contents done,https://www.togeto.io/,https://www.landingfolio.com/inspiration/post/Togeto
Vercel,Develop. Preview. Ship. For the best frontend teams,https://vercel.com/,https://www.landingfolio.com/inspiration/post/Vercel
Clover,The all-in-one notebook for creatives.,https://cloverapp.co/,https://www.landingfolio.com/inspiration/post/Clover
Tidze,All-in-one ticketing and live streaming platform,https://tidze.com,https://www.landingfolio.com/inspiration/post/Tidze
Hellonext,Feature voting tool and feedback management software,https://hellonext.co/,https://www.landingfolio.com/inspiration/post/Hellonext
Abyssale,All-in-One Platform to Create and Manage Your Banners,https://www.abyssale.com,https://www.landingfolio.com/inspiration/post/Abyssale
Wearegoat,Dedicated to beautiful web design and functional solutions.,https://www.wearegoat.com/,https://www.landingfolio.com/inspiration/post/Wearegoat
Magicpattern,"MagicPattern - Unique geometric patterns in seconds, literally",https://www.magicpattern.design/,https://www.landingfolio.com/inspiration/post/Magicpattern
Getnodis,Meet New Opportunities. Beautifully.,https://www.getnodis.com/,https://www.landingfolio.com/inspiration/post/Getnodis
Circle,The modern community platform for creators,https://circle.so/,https://www.landingfolio.com/inspiration/post/Circle
Usersinsights,WordPress User Management Plugin,https://usersinsights.com/,https://www.landingfolio.com/inspiration/post/Usersinsights
Zenplates,"Beautiful, customizable themes for Zendesk",https://zenplates.co,https://www.landingfolio.com/inspiration/post/Zenplates
Reach,Create engaging live events for your business,https://reach.live/,https://www.landingfolio.com/inspiration/post/Reach
Orchest,Data Science pipelines,https://www.orchest.io/,https://www.landingfolio.com/inspiration/post/Orchest
Playgroup,Forum software made for engaging online communities,https://playgroup.community,https://www.landingfolio.com/inspiration/post/Playgroup
Fellow,"Great Meetings Start Here: Collaborative Meeting Agendas, Action Items and more...",https://fellow.app/,https://www.landingfolio.com/inspiration/post/Fellow
Dropbase,Turn offline files into live databases instantly,https://www.dropbase.io/,https://www.landingfolio.com/inspiration/post/Dropbase
Sendspark,Sendspark | Record and Share Personalized Videos,https://www.sendspark.com/,https://www.landingfolio.com/inspiration/post/Sendspark
Chimpcharge,Payment links to automate your business,https://www.chimpcharge.com/,https://www.landingfolio.com/inspiration/post/Chimpcharge
Designingui,Designing User Interfaces 2020,https://www.designingui.com/,https://www.landingfolio.com/inspiration/post/Designingui
Calmaria,Focus / Breathe / Relax,https://calmaria.app/,https://www.landingfolio.com/inspiration/post/Calmaria
Heavyweight,Intuitive interfaces for tech startups,https://heavyweight.nl/,https://www.landingfolio.com/inspiration/post/Heavyweight
Apify,"Web Scraping, Data Extraction and Automation",https://apify.com/,https://www.landingfolio.com/inspiration/post/Apify
Relate,Design and develop at the same time,https://relate.app/,https://www.landingfolio.com/inspiration/post/Relate
Protopie,The future of interactive prototyping,https://www.protopie.io/promotions/protopie-version-5-launch,https://www.landingfolio.com/inspiration/post/Protopie
Onplace,Build a better portfolio.,https://www.onplace.app/,https://www.landingfolio.com/inspiration/post/Onplace
Startupschool,The Best Resource for Founders,https://www.startupschool.org/,https://www.landingfolio.com/inspiration/post/Startupschool
Abyssale,All-in-One Platform to Create and Manage Your Banners,https://www.abyssale.com/,https://www.landingfolio.com/inspiration/post/Abyssale
Lemon,Aye! Developers You'll Want to Hire,https://lemon.io/,https://www.landingfolio.com/inspiration/post/Lemon
Kukla-kit,Make your project brighter,https://www.kukla-kit.com/,https://www.landingfolio.com/inspiration/post/Kukla-kit
Betterlance,Get more freelance clients,https://betterlance.co/,https://www.landingfolio.com/inspiration/post/Betterlance
Swiftui,SwiftUI Inspector,https://swiftui.ai/,https://www.landingfolio.com/inspiration/post/Swiftui
Shortlist,Outsourced Marketing Done For You,https://shortlist.io/,https://www.landingfolio.com/inspiration/post/Shortlist
Linear,The issue tracking tool you'll enjoy using,https://linear.app/,https://www.landingfolio.com/inspiration/post/Linear
Brainfood,Animated bite-sized knowledge,https://www.brainfoodapp.co/,https://www.landingfolio.com/inspiration/post/Brainfood
Designjoy,Unlimited Design & Revisions,https://www.designjoy.co/,https://www.landingfolio.com/inspiration/post/Designjoy
Attio,The Relationship Workspace,https://attio.com/,https://www.landingfolio.com/inspiration/post/Attio
Playgroup,Forum software made for engaging online communities,https://playgroup.community/,https://www.landingfolio.com/inspiration/post/Playgroup
Zenplates,Everything you need to create an amazing theme for Zendesk Guide,https://zenplates.co/,https://www.landingfolio.com/inspiration/post/Zenplates
Morphocode,Exploring cities through data analysis and visualization,https://morphocode.com/,https://www.landingfolio.com/inspiration/post/Morphocode
Expper,Robot Companion for Children,https://www.expper.tech/,https://www.landingfolio.com/inspiration/post/Expper
Onepagelove,Landing Page Hot Tips with Rob Hope,https://onepagelove.com/100-tips,https://www.landingfolio.com/inspiration/post/Onepagelove
Mumu,Ditch your macOS emoji picker,https://getmumu.com/,https://www.landingfolio.com/inspiration/post/Mumu
Stripe,Online payment processing for internet businesses,https://stripe.com/,https://www.landingfolio.com/inspiration/post/Stripe
Editorx,"Build outstanding, fluid sites with flexible grids and full breakpoint control.",https://www.editorx.com/,https://www.landingfolio.com/inspiration/post/Editorx
Miro,Digitize Paper Stickies,https://miro.com/stickies-capture/,https://www.landingfolio.com/inspiration/post/Miro
Mailbrew,Email digests on your favorite topics,https://mailbrew.com/,https://www.landingfolio.com/inspiration/post/Mailbrew
Cueup,"A profile for DJs to promote themselves, take payments and receive gigs in their area.",https://cueup.io/become-dj,https://www.landingfolio.com/inspiration/post/Cueup
Headlime,"Create Headlines Like Copywriting Experts, Without Writing Them",https://headlime.io,https://www.landingfolio.com/inspiration/post/Headlime
Refiner,Popup Surveys That Drive User Engagement,https://refiner.io/,https://www.landingfolio.com/inspiration/post/Refiner
Superpeer,Book a time with me on Superpeer,https://superpeer.com/,https://www.landingfolio.com/inspiration/post/Superpeer
Glyphfinder,"The missing character search for designers, developers and writers.",https://www.glyphfinder.com/,https://www.landingfolio.com/inspiration/post/Glyphfinder
Handwrytten,Handwritten Notes Platform,https://www.handwrytten.com/,https://www.landingfolio.com/inspiration/post/Handwrytten
Corebook,Online brand book mindset tool,https://www.corebook.io/,https://www.landingfolio.com/inspiration/post/Corebook
StoryChief,Social Media Management,https://storychief.io/social-media-management,https://www.landingfolio.com/inspiration/post/StoryChief
10kdesigners,The design school of the future,https://10kdesigners.com/,https://www.landingfolio.com/inspiration/post/10kdesigners
Resound,"Create a Podcast, Without Recording A Thing",https://resound.ly/,https://www.landingfolio.com/inspiration/post/Resound
Air,The whiteboard for your teamâ€™s images and videos,https://air.inc/,https://www.landingfolio.com/inspiration/post/Air
Suparise,Get real & organic Instagram followers,https://suparise.com/,https://www.landingfolio.com/inspiration/post/Suparise
Magic,Drop passwords. Use magic links.,https://magic.link/,https://www.landingfolio.com/inspiration/post/Magic
Secfi,"Finance your options exercise, forget deadlines",https://www.secfi.com/products/options-exercise,https://www.landingfolio.com/inspiration/post/Secfi
Quibi,Quick bites. Big stories.,https://quibi.com/,https://www.landingfolio.com/inspiration/post/Quibi
Superscene,3D Illustration Constructor,https://superscene.pro/,https://www.landingfolio.com/inspiration/post/Superscene
Cloudflare Workers,You write code. We handle the rest.,https://workers.cloudflare.com/,https://www.landingfolio.com/inspiration/post/Cloudflare-Workers
Nomi,Nomi is a pet for your Apple Watch that you feed with your heartbeats!,https://nomi.pet/,https://www.landingfolio.com/inspiration/post/Nomi
Flowin,Userflow and annotation kit,https://flowinkit.com,https://www.landingfolio.com/inspiration/post/Flowin
HowtoProduct,An ebook by Sefunmi Osinaike,https://howtoproduct.io/,https://www.landingfolio.com/inspiration/post/HowtoProduct
ImageSpeedTest,Analyze and optimize your website performance,https://imagespeedtest.piio.co/,https://www.landingfolio.com/inspiration/post/ImageSpeedTest
Artboard,Create mockups online,https://artboard.studio/,https://www.landingfolio.com/inspiration/post/Artboard
Productboard,Product Management Software,https://www.productboard.com/,https://www.landingfolio.com/inspiration/post/Productboard
Graphcms,Headless CMS with GraphQL to manage omni-channel content and deliver better digital experiences.,https://graphcms.com/,https://www.landingfolio.com/inspiration/post/Graphcms
OpenPhone,Modern Business Phone for Startups and Small Businesses,https://www.openphone.co/,https://www.landingfolio.com/inspiration/post/OpenPhone
Supernotes,The best collaborative note-taking app,https://supernotes.app/,https://www.landingfolio.com/inspiration/post/Supernotes
Microacquire,#1 Startup acquisition marketplace,https://microacquire.com/,https://www.landingfolio.com/inspiration/post/Microacquire
Rezi,AI-Powered Free Resume Builder To Help Get You Hired,https://www.rezi.io/,https://www.landingfolio.com/inspiration/post/Rezi
Useiceberg,"Iceberg is a beautiful, flexible writing editor for crafting posts and pages with the WordPress block editor",https://useiceberg.com,https://www.landingfolio.com/inspiration/post/Useiceberg
Klokki,Automatic Time-Tracking for Freelancers,https://www.klokki.com,https://www.landingfolio.com/inspiration/post/Klokki
Bigcommerce,WordPress Ecommerce Plugin For Content-Rich Sites,https://www.bigcommerce.com/solutions/wordpress-ecommerce-plugin/,https://www.landingfolio.com/inspiration/post/Bigcommerce
Safewatch,Level up your security cameras.,https://usesafewatch.com,https://www.landingfolio.com/inspiration/post/Safewatch
Inspireframe,"Fast, easy website prototyping for everyone",https://inspireframe.io/,https://www.landingfolio.com/inspiration/post/Inspireframe
Swipepages,Free Landing Page Builder & Platform,https://swipepages.com,https://www.landingfolio.com/inspiration/post/Swipepages
Shop,Online shopping assistant that makes every part of your experience better.,https://shop.app/,https://www.landingfolio.com/inspiration/post/Shop
Dovetail,Video highlights and transcription for research,https://dovetailapp.com/features/video-audio-transcription-for-research/,https://www.landingfolio.com/inspiration/post/Dovetail
Voyagerliving,Borderless living. A whole new way to work remote,https://www.voyagerliving.co/,https://www.landingfolio.com/inspiration/post/Voyagerliving
Sitesauce,A static site for your dynamically-generated website,https://sitesauce.app/,https://www.landingfolio.com/inspiration/post/Sitesauce
Astra,Complete Website Security Suite,https://www.getastra.com/,https://www.landingfolio.com/inspiration/post/Astra
Vwo,Deploy Website Changes Without Involving IT,https://vwo.com/deploy/,https://www.landingfolio.com/inspiration/post/Vwo
Syed Balkhi,Entrepreneur. Investor. Marketing Extraordinaire.,https://syedbalkhi.com/,https://www.landingfolio.com/inspiration/post/Syed-Balkhi
Coronaaah,Fight COVID 19 with a Website Audit,https://coronaaah.com/,https://www.landingfolio.com/inspiration/post/Coronaaah
Churnbuster,Recover failed subscription payments,https://churnbuster.io/,https://www.landingfolio.com/inspiration/post/Churnbuster
Looneypatterns,Doodle vector patterns,https://looneypatterns.com/,https://www.landingfolio.com/inspiration/post/Looneypatterns
Cleanshot X,CleanShot X for Mac,https://getcleanshot.com/,https://www.landingfolio.com/inspiration/post/Cleanshot-X
Loom,Free Screen & Video Recording Software,https://www.loom.com,https://www.landingfolio.com/inspiration/post/Loom
Inside the Scoop,Mailchimp Landing Page Example from Inside the Scoop,https://mailchi.mp/homsweethom/the-inside-scoop,https://www.landingfolio.com/inspiration/post/Inside-the-Scoop
Involve,Create custom payment page,https://www.involve.me/payment-page/,https://www.landingfolio.com/inspiration/post/Involve
Ziago,Fun Games For Group Video Calls,https://ziago.co/,https://www.landingfolio.com/inspiration/post/Ziago
Eesel,All your work in one place,https://eesel.app/,https://www.landingfolio.com/inspiration/post/Eesel
Galshir,Easy Character Guidelines by Gal Shir,https://galshir.com/pose/,https://www.landingfolio.com/inspiration/post/Galshir
Helpscout,Simple Customer Service Software and Education,https://www.helpscout.com/,https://www.landingfolio.com/inspiration/post/Helpscout
Thepapestielliz,"A collaborative design duo helping you visualize, craft and automate your growth",https://www.thepapestielliz.com/,https://www.landingfolio.com/inspiration/post/Thepapestielliz
Pragli,"Wherever you are, you're better together",https://pragli.com/,https://www.landingfolio.com/inspiration/post/Pragli
Prodigitas,"Digital Marketing Support Teams by Prodigitas | Design, Development and Campaign Execution Support for Companies and Agencies",https://prodigitas.com/,https://www.landingfolio.com/inspiration/post/Prodigitas
Bigcommerce,The Future of Commerce Is Yours,https://www.bigcommerce.com,https://www.landingfolio.com/inspiration/post/Bigcommerce
10xfactory,#1 Community for CEOs & Founders Looking to 10x Their Growth,https://www.10xfactory.com,https://www.landingfolio.com/inspiration/post/10xfactory
Upflow,Put an end to unpaid invoices,https://upflow.io/en/,https://www.landingfolio.com/inspiration/post/Upflow
Basecamp,Project Management & Team Communication Software,https://basecamp.com/,https://www.landingfolio.com/inspiration/post/Basecamp
Staylime,Magento development company,https://staylime.com/,https://www.landingfolio.com/inspiration/post/Staylime
Usepanda,The homepage for your favorite websites,https://usepanda.com/,https://www.landingfolio.com/inspiration/post/Usepanda
Zenkit,Simple task management for you and your team,https://zenkit.com/en/todo/,https://www.landingfolio.com/inspiration/post/Zenkit
Lunch Money,Multicurrency personal finance and budgeting tool,https://lunchmoney.app/,https://www.landingfolio.com/inspiration/post/Lunch-Money
Resound,"Create a Podcast, Without Recording A Thing",https://resound.ly/,https://www.landingfolio.com/inspiration/post/Resound
Logobly,Create Your Logo In 60 Seconds,https://logobly.com/,https://www.landingfolio.com/inspiration/post/Logobly
Namesnack,Business name generator and instant domain check. Powered by A.I and 100% free.,https://www.namesnack.com,https://www.landingfolio.com/inspiration/post/Namesnack
Magic,Drop passwords. Use magic links.,https://magic.link/,https://www.landingfolio.com/inspiration/post/Magic
Budibase,Build Your Web App With Speed,https://www.budibase.com/,https://www.landingfolio.com/inspiration/post/Budibase
Paddle,Sell Software Online with Paddle's SaaS Commerce Platform,https://paddle.com/,https://www.landingfolio.com/inspiration/post/Paddle
Transferwise,Send Money Abroad with TransferWise,https://transferwise.com/,https://www.landingfolio.com/inspiration/post/Transferwise
Carrot,Remote team communication,https://carrot.io/,https://www.landingfolio.com/inspiration/post/Carrot
Messagebird,Talk to your customers like you talk to a friend,https://messagebird.com/inbox/,https://www.landingfolio.com/inspiration/post/Messagebird
Neverbounce,Bulk Email Verification & List Cleaning Service,https://neverbounce.com/,https://www.landingfolio.com/inspiration/post/Neverbounce
Logindesigner,Customize your WordPress Login Page with Login Designer,https://logindesigner.com/,https://www.landingfolio.com/inspiration/post/Logindesigner
Visla,Human-centered software development,https://visla.co/,https://www.landingfolio.com/inspiration/post/Visla
Portmanager,Manage ports from your menu bar,https://portmanager.app/,https://www.landingfolio.com/inspiration/post/Portmanager
Privacy,Privacy,https://privacy.com/shared-cards,https://www.landingfolio.com/inspiration/post/Privacy
Sketch,The digital design toolkit,https://www.sketch.com/,https://www.landingfolio.com/inspiration/post/Sketch
Monthly,Learn anything in a month,https://learnmonthly.com/,https://www.landingfolio.com/inspiration/post/Monthly
Draftbit,Visually build native mobile apps.,https://draftbit.com/,https://www.landingfolio.com/inspiration/post/Draftbit
Popkit,Instantly add Social Proof to your website,https://www.popkit.club/,https://www.landingfolio.com/inspiration/post/Popkit
Bannerbear,Auto Generate Social Media Images,https://www.bannerbear.com/,https://www.landingfolio.com/inspiration/post/Bannerbear
Confetti,A platform for celebrating daily progress towards your goals,https://tryconfetti.io/,https://www.landingfolio.com/inspiration/post/Confetti
Wozber,Free resume builder for modern job seekers,https://www.wozber.com/,https://www.landingfolio.com/inspiration/post/Wozber
Kepler,All-New WordPress Websites Builder & Themes,https://kepler.app/,https://www.landingfolio.com/inspiration/post/Kepler
Mix,Rediscover the internet,https://mix.com/,https://www.landingfolio.com/inspiration/post/Mix
Actualbudget,"Track your money, save money.",https://actualbudget.com/,https://www.landingfolio.com/inspiration/post/Actualbudget
Matcha,Blogging + Content Marketing Platform for Ecommerce and DTC Businesses,https://getmatcha.com/,https://www.landingfolio.com/inspiration/post/Matcha
Mouseless,Unleash your keyboardâ€™s superpower,https://mouseless.app/,https://www.landingfolio.com/inspiration/post/Mouseless
Zenefits,Human Capital Management,https://www.zenefits.com/,https://www.landingfolio.com/inspiration/post/Zenefits
Slash,The productivity app you've been looking for.,https://getslash.co/,https://www.landingfolio.com/inspiration/post/Slash
Upcutstudio,Content marketing for startups,https://upcutstudio.com/,https://www.landingfolio.com/inspiration/post/Upcutstudio
Consider,Bring your email to life.,https://www.consider.co/conversations,https://www.landingfolio.com/inspiration/post/Consider
Supercast,Get paid to podcast.,https://www.supercast.com/,https://www.landingfolio.com/inspiration/post/Supercast
Thrive,"Goals, Ideas, Decisions",https://get-thrive.app/,https://www.landingfolio.com/inspiration/post/Thrive
Happyhues,Curated colors in context.,https://www.happyhues.co/,https://www.landingfolio.com/inspiration/post/Happyhues
Qwilr,"All your business documents, in one click.",https://qwilr.com/document-generator/,https://www.landingfolio.com/inspiration/post/Qwilr
Slite,One Combined Workspace. All Your Team Documentation.,https://slite.com/,https://www.landingfolio.com/inspiration/post/Slite
Descript,"Create podcasts, videos, and transcripts",https://www.descript.com/,https://www.landingfolio.com/inspiration/post/Descript
Votemojo,Customer feedback and voting board software,https://www.votemojo.com/,https://www.landingfolio.com/inspiration/post/Votemojo
Dashful,Create beautiful dashboards,https://dashful.co/,https://www.landingfolio.com/inspiration/post/Dashful
Northapp,Simple project status update tool for agencies,https://northapp.co/,https://www.landingfolio.com/inspiration/post/Northapp
Ghost,Sustainable revenue for publishers,https://ghost.org/members/,https://www.landingfolio.com/inspiration/post/Ghost
Woven,The Best Calendar App for Busy Professionals,https://woven.com/,https://www.landingfolio.com/inspiration/post/Woven
Lattice,Real-time insights about your people,https://lattice.com/pulse,https://www.landingfolio.com/inspiration/post/Lattice
Stackers,One screen all apps,https://stackers.app/,https://www.landingfolio.com/inspiration/post/Stackers
Eduflow,Build an incredible learning experience,https://www.eduflow.com/,https://www.landingfolio.com/inspiration/post/Eduflow
Workspace,Stay connected with your remote team,https://www.workspace.to/,https://www.landingfolio.com/inspiration/post/Workspace
Airtable,"Create, your way",https://airtable.com/,https://www.landingfolio.com/inspiration/post/Airtable
Headspace,Meditation and Sleep Made Simple,https://www.headspace.com/,https://www.landingfolio.com/inspiration/post/Headspace
Evercoin,Safest Cryptocurrency Wallet & Exchange,https://evercoin.com/home,https://www.landingfolio.com/inspiration/post/Evercoin
Mimo,Learning to code can be easy and fun!,https://getmimo.com/,https://www.landingfolio.com/inspiration/post/Mimo
Density,People Counting Sensors & Software for Businesses,https://www.density.io/,https://www.landingfolio.com/inspiration/post/Density
Poda,Visualise your product strategy,https://poda.io/,https://www.landingfolio.com/inspiration/post/Poda
Vidico,Video production that powers your business.,https://vidico.com/,https://www.landingfolio.com/inspiration/post/Vidico
Olmo,Get connected to the right people.,https://olmo.io/,https://www.landingfolio.com/inspiration/post/Olmo
Memberstack,Memberships and Gated content w/out code,https://www.memberstack.io/,https://www.landingfolio.com/inspiration/post/Memberstack
Billisimo,The one place to manage your ever-growing subscriptions.,https://billisimo.co/,https://www.landingfolio.com/inspiration/post/Billisimo
Exploregem,Eliminate clickbait. Explore thoughtfully.,https://exploregem.com/,https://www.landingfolio.com/inspiration/post/Exploregem
Helpscout,Simple Customer Service Software and Education,https://www.helpscout.com/,https://www.landingfolio.com/inspiration/post/Helpscout
Sumithegde,Convert visitors into customers on your SaaS website,http://sumithegde.com,https://www.landingfolio.com/inspiration/post/Sumithegde
Landingkit,"Landing Page UI Kit, Optimized for Maximum Conversion.",https://www.landingkit.com/startup/,https://www.landingfolio.com/inspiration/post/Landingkit
SuperFit,Grow Your Personal Trainer Salary.,https://superfitapp.com/,https://www.landingfolio.com/inspiration/post/SuperFit
Distill,"Tracking website updates, automated and simplified",https://distill.io/,https://www.landingfolio.com/inspiration/post/Distill
Planable,Content Marketing: Behind the Scenes,https://planable.io/content-marketing-industry-report/,https://www.landingfolio.com/inspiration/post/Planable
Simform,Great custom software is built by great teams,https://www.simform.com/,https://www.landingfolio.com/inspiration/post/Simform
Shipright,Track product feedback in one organized place,https://shipright.co/,https://www.landingfolio.com/inspiration/post/Shipright
Onemetric,See all of your metrics in one place,https://www.onemetric.io/,https://www.landingfolio.com/inspiration/post/Onemetric
Phrasee,AI Marketing Platform to Boost Your Marketing Campaigns,https://phrasee.co/,https://www.landingfolio.com/inspiration/post/Phrasee
Keigo,Understand Others Better with AI,https://keigo.app/,https://www.landingfolio.com/inspiration/post/Keigo
Whimsical,The Visual Workspace,https://whimsical.com/,https://www.landingfolio.com/inspiration/post/Whimsical
Apres,Manage & Explain AI data,https://apres.io/,https://www.landingfolio.com/inspiration/post/Apres
Gifmock,Easily create high quality GIFs with Gifmock,https://gifmock.com/,https://www.landingfolio.com/inspiration/post/Gifmock
Readme,"Beautiful, personalized, interactive docs",https://readme.io/,https://www.landingfolio.com/inspiration/post/Readme
Coolors,The super fast color schemes generator,https://coolors.co/,https://www.landingfolio.com/inspiration/post/Coolors
1.1.1,The free app that makes your Internet faster.,https://1.1.1.1/,https://www.landingfolio.com/inspiration/post/1.1.1
Plaid,The easiest way for users to connect their bank accounts to an app,https://plaid.com/,https://www.landingfolio.com/inspiration/post/Plaid
Unbounce,The Landing Page Builder & Platform,https://unbounce.com/?gspk=UGFydG5lcnpQaG1Q&gsxid=RFqqpz65yHwu&utm_medium=PartnerzPhmP&utm_source=agencies,https://www.landingfolio.com/inspiration/post/Unbounce
Eurovps,The Best Managed VPS Hosting in Europe,https://www.eurovps.com/,https://www.landingfolio.com/inspiration/post/Eurovps
Officialiqtests,Online Intelligence Test,https://officialiqtests.com/,https://www.landingfolio.com/inspiration/post/Officialiqtests
Pushfol,Send messages to your visitors with a few lines of Javascript,https://www.pushfol.io/,https://www.landingfolio.com/inspiration/post/Pushfol
Intravert,The easiest way to monetize your community,https://intravert.co/,https://www.landingfolio.com/inspiration/post/Intravert
Freetrade,Free stock investing app,https://freetrade.io/,https://www.landingfolio.com/inspiration/post/Freetrade
Blubolt,Beautiful eCommerce Development using Shopify Plus,https://www.blubolt.com/,https://www.landingfolio.com/inspiration/post/Blubolt
Coinbase Card,Spend crypto anywhere,https://www.coinbase.com/card,https://www.landingfolio.com/inspiration/post/Coinbase-Card
Dragapp,Control teamwork the right way in Gmail,https://www.dragapp.com/,https://www.landingfolio.com/inspiration/post/Dragapp
Craftcms,Craft empowers the entire creative process.,https://craftcms.com/,https://www.landingfolio.com/inspiration/post/Craftcms
Airbase,Cloud software for business spend,https://www.airbase.io/,https://www.landingfolio.com/inspiration/post/Airbase
Siftnewstherapy,Feel news differently,https://siftnewstherapy.com/,https://www.landingfolio.com/inspiration/post/Siftnewstherapy
Gyrosco,Track your life & improve your health!,https://gyrosco.pe/,https://www.landingfolio.com/inspiration/post/Gyrosco
Announcekit,Hassle-free announcements for product updates and company news,https://announcekit.app/,https://www.landingfolio.com/inspiration/post/Announcekit
HappyTools,Tools for teams with work to do,https://happy.tools/,https://www.landingfolio.com/inspiration/post/HappyTools
Embacy,Let's make your landing page together,https://embacy.io/,https://www.landingfolio.com/inspiration/post/Embacy
Morphio,The World's First Advanced Marketing Security Software,https://morphio.ai/,https://www.landingfolio.com/inspiration/post/Morphio
Tweakr,The fastest way to get visual feedback.,https://www.tweakr.io/,https://www.landingfolio.com/inspiration/post/Tweakr
Mailfold,Direct Mail for Sellers on Etsy,https://www.mailfold.com/,https://www.landingfolio.com/inspiration/post/Mailfold
AppLanding,110 App Landing Page Templates for $49 just $9!,https://www.landingfolio.com/store/applanding/,https://www.landingfolio.com/inspiration/post/AppLanding
Absurd,Free Surrealist Illustrations and Vector Art,https://absurd.design/,https://www.landingfolio.com/inspiration/post/Absurd
Maze,Design that works,https://maze.design/v2/,https://www.landingfolio.com/inspiration/post/Maze
Wpdatatables,The Best WordPress Table & Chart Plugin,https://wpdatatables.com/,https://www.landingfolio.com/inspiration/post/Wpdatatables
Droplethealth,Droplet Health,https://droplethealth.com/,https://www.landingfolio.com/inspiration/post/Droplethealth
Getvoiceflow,"Design, prototype, and build voice apps.",https://www.getvoiceflow.com/,https://www.landingfolio.com/inspiration/post/Getvoiceflow
Videoask,VideoAsk By Typeform,https://www.videoask.it/,https://www.landingfolio.com/inspiration/post/Videoask
Polymail,Modern email that works for you,https://polymail.io/,https://www.landingfolio.com/inspiration/post/Polymail
Notion,"The all-in-one workspace for your notes, tasks, wikis, and databases.",https://www.notion.so/,https://www.landingfolio.com/inspiration/post/Notion
Houseparty,Face to Face Social Network,https://houseparty.com/,https://www.landingfolio.com/inspiration/post/Houseparty
Earn,Earn Bitcoin by Answering Messages & Completing Tasks,https://earn.com/,https://www.landingfolio.com/inspiration/post/Earn
Harvestr,Customer Feedback and Product Management Software,https://harvestr.io/,https://www.landingfolio.com/inspiration/post/Harvestr
Revstack,Stop Chasing Leads. Start Closing Deals.,https://www.revstack.ai,https://www.landingfolio.com/inspiration/post/Revstack
Nuclino,The easy knowledge base for teams,https://www.nuclino.com/,https://www.landingfolio.com/inspiration/post/Nuclino
Getstencil,The Web's Favorite Online Graphic Design Tool,https://getstencil.com/,https://www.landingfolio.com/inspiration/post/Getstencil
Roger,Time-saving accounting automation software,https://www.roger.ai/us/,https://www.landingfolio.com/inspiration/post/Roger
Chipmunktheme,A WordPress Theme for Content Curation,https://chipmunktheme.com/,https://www.landingfolio.com/inspiration/post/Chipmunktheme
Reloadseo,The #1 SEO tool for E-commerce,https://www.reloadseo.com,https://www.landingfolio.com/inspiration/post/Reloadseo
Numeracy,Numeracy,https://numeracy.co/welcome,https://www.landingfolio.com/inspiration/post/Numeracy
Drafta,A place to keep your design projects,https://drafta.co/,https://www.landingfolio.com/inspiration/post/Drafta
Usedetails,Details Design System,https://www.usedetails.com/,https://www.landingfolio.com/inspiration/post/Usedetails
Breaksforeyes,Computer Vision Syndrome Mac App,https://breaksforeyes.app/,https://www.landingfolio.com/inspiration/post/Breaksforeyes
Usetrue,Pop Up Sales Notification Tool.,https://usetrue.com,https://www.landingfolio.com/inspiration/post/Usetrue
Landingfolio,Free App Landing Page Templates for Sketch,https://www.landingfolio.com/products/app-landing-page-templates-for-sketch/,https://www.landingfolio.com/inspiration/post/Landingfolio
Doka,High-performance JavaScript Image Editing in the Browser,https://pqina.nl/doka/,https://www.landingfolio.com/inspiration/post/Doka
Realtimeboard,The collaborative whiteboard platform for distributed teams,https://realtimeboard.com,https://www.landingfolio.com/inspiration/post/Realtimeboard
Instantmagazine,Create Beautiful Digital Reports,https://www.instantmagazine.com/products/digital-reports,https://www.landingfolio.com/inspiration/post/Instantmagazine
Clearbit,Data to power your entire business,https://clearbit.com,https://www.landingfolio.com/inspiration/post/Clearbit
Hull,Real-time Customer Data Platform for B2B SaaS,https://www.hull.io,https://www.landingfolio.com/inspiration/post/Hull
Redpen,Get your point across. Click and comment.,https://redpen.io/,https://www.landingfolio.com/inspiration/post/Redpen
Asknicely,The Customer Experience (CX) Platform,https://www.asknicely.com/,https://www.landingfolio.com/inspiration/post/Asknicely
Postcards,Postcards - Free HTML Email Template Builder with Drag & Drop,https://designmodo.com/postcards/,https://www.landingfolio.com/inspiration/post/Postcards
Openhabits,,https://openhabits.com/,https://www.landingfolio.com/inspiration/post/Openhabits
Metalpay,Send Money Instantly,https://www.metalpay.com,https://www.landingfolio.com/inspiration/post/Metalpay
Fomo,Social Proof Marketing Platform,https://fomo.com,https://www.landingfolio.com/inspiration/post/Fomo
Squareup,Credit Card Terminal for Processing Payments,https://squareup.com/us/en/hardware/terminal,https://www.landingfolio.com/inspiration/post/Squareup
Thoughtbot,Learn Web Development Online,https://thoughtbot.com/upcase,https://www.landingfolio.com/inspiration/post/Thoughtbot
Appcues,The Product-Led Growth Platform,https://www.appcues.com/,https://www.landingfolio.com/inspiration/post/Appcues
Stacker,The digital interface to your business.,https://stacker.app/,https://www.landingfolio.com/inspiration/post/Stacker
Marvel,"Sketch prototyping in Marvel: sync artboards, hotspots and more",https://marvelapp.com/sketch-prototyping,https://www.landingfolio.com/inspiration/post/Marvel
Macpaw,The Best Mac Cleanup App for macOS,https://macpaw.com/cleanmymac,https://www.landingfolio.com/inspiration/post/Macpaw
Raygun,Application Monitoring For Web & Mobile Apps,https://raygun.com,https://www.landingfolio.com/inspiration/post/Raygun
Sigstr,Relationship Insights to Build Your Business,https://www.sigstr.com/pulse/,https://www.landingfolio.com/inspiration/post/Sigstr
Bloggerwork,Influencer Marketing Platform & Marketplace,https://www.bloggerwork.co.uk,https://www.landingfolio.com/inspiration/post/Bloggerwork
Simpleanalytics,"Simple, clean, and privacy-friendly analytics",https://simpleanalytics.io/,https://www.landingfolio.com/inspiration/post/Simpleanalytics
Vapid,An intentionally simple CMS,https://www.vapid.com/,https://www.landingfolio.com/inspiration/post/Vapid
GrowthMentor,Startup Mentors for Growth-Addicted Founders & Marketers,https://www.growthmentor.io,https://www.landingfolio.com/inspiration/post/GrowthMentor
Realtimeboard,Mind map software built with teams in mind,https://realtimeboard.com/mind-map-software/,https://www.landingfolio.com/inspiration/post/Realtimeboard
Crazybaby,,https://crazybaby.com,https://www.landingfolio.com/inspiration/post/Crazybaby
Iventlist,User-friendly Mobile Event App for Events and Conferences,https://iventlist.com,https://www.landingfolio.com/inspiration/post/Iventlist
UseJournal,What will you make space for? It's Your Journal.,https://usejournal.com/,https://www.landingfolio.com/inspiration/post/UseJournal
Fullstackhq,Get immediate access to a battle-tested team of designers and developers,https://fullstackhq.com/,https://www.landingfolio.com/inspiration/post/Fullstackhq
Plutio,One app to manage your entire business.,https://www.plutio.com/,https://www.landingfolio.com/inspiration/post/Plutio
Getflow,Project & Task Management Software for Teams,https://www.getflow.com/,https://www.landingfolio.com/inspiration/post/Getflow
Profitwell,Analytics for product teams that care about growth.,https://www.profitwell.com/engagement,https://www.landingfolio.com/inspiration/post/Profitwell
En.eagle,A design library to fuel your best work,https://en.eagle.cool/,https://www.landingfolio.com/inspiration/post/En.eagle
Historysearch,Quickly find anything you did online,https://historysearch.com/,https://www.landingfolio.com/inspiration/post/Historysearch
Kapa99,Unlimited Graphic Design,https://kapa99.com/,https://www.landingfolio.com/inspiration/post/Kapa99
Twentythree,A Webinar Tool You Can Finally Love,http://www.twentythree.net/webinars/,https://www.landingfolio.com/inspiration/post/Twentythree
Tonikmantra,Mantra+ Microdosing*,http://tonikmantra.co,https://www.landingfolio.com/inspiration/post/Tonikmantra
Goodgantt,The Best Gantt Chart for Trello,https://goodgantt.com/,https://www.landingfolio.com/inspiration/post/Goodgantt
Feedier,Gamified Feedback platform,https://feedier.com/,https://www.landingfolio.com/inspiration/post/Feedier
Steelkiwi,Web & Mobile software development company,https://steelkiwi.com/,https://www.landingfolio.com/inspiration/post/Steelkiwi
Kiwihr,The easiest HR software for SMEs,https://kiwihr.com/en,https://www.landingfolio.com/inspiration/post/Kiwihr
Sourgrapes,Facebook Comment Moderation,https://sourgrapes.ai/,https://www.landingfolio.com/inspiration/post/Sourgrapes
Protopie,Interactive prototyping tool for all digital products,https://www.protopie.io/,https://www.landingfolio.com/inspiration/post/Protopie
Camelot,Make bounties for your favorite creators,https://camelot.ai/,https://www.landingfolio.com/inspiration/post/Camelot
Supernova,The World's First Design to Code Platform,https://supernova.io/,https://www.landingfolio.com/inspiration/post/Supernova
Audius,Unleash your music,https://audius.co/,https://www.landingfolio.com/inspiration/post/Audius
Artup,Enriching artistic talents,https://artup.io,https://www.landingfolio.com/inspiration/post/Artup
Supply,Shipping & Returns Platform for Modern Retail,https://www.supply.ai/,https://www.landingfolio.com/inspiration/post/Supply
Transistor,"Podcast hosting for creatives, brands, professionals",https://transistor.fm/,https://www.landingfolio.com/inspiration/post/Transistor
Tilda,Free Icons for landing pages,https://tilda.cc/free-icons/,https://www.landingfolio.com/inspiration/post/Tilda
Albacross,B2B Lead Generation Software,https://albacross.com/,https://www.landingfolio.com/inspiration/post/Albacross
Smartslider3,Responsive WordPress Slider,https://smartslider3.com,https://www.landingfolio.com/inspiration/post/Smartslider3
Suttna,,https://suttna.com,https://www.landingfolio.com/inspiration/post/Suttna
Acquire,"Mobile SDK for live chat, video chat and co-browsing",https://acquire.io/mobile-sdk/,https://www.landingfolio.com/inspiration/post/Acquire
Owwly,Find the best digital products & learn from makers like you,https://owwly.com,https://www.landingfolio.com/inspiration/post/Owwly
Acquire,Customer Communication Platform,https://acquire.io,https://www.landingfolio.com/inspiration/post/Acquire
Usepastel,"Fastest visual website feedback tool for web designers, developers and agencies",https://usepastel.com,https://www.landingfolio.com/inspiration/post/Usepastel
Productdesigninterview,Solving Product Design Exercises,https://productdesigninterview.com,https://www.landingfolio.com/inspiration/post/Productdesigninterview
Happyforms,Grow customer interactions,https://happyforms.me,https://www.landingfolio.com/inspiration/post/Happyforms
Taabcard,Travel as a Benefit,https://www.taabcard.com/,https://www.landingfolio.com/inspiration/post/Taabcard
Wirize,Accept card payments online,https://wirize.com,https://www.landingfolio.com/inspiration/post/Wirize
Feedsauce,"Custom Product Photos, On-Demand",https://feedsauce.com,https://www.landingfolio.com/inspiration/post/Feedsauce
Logomaster,"The logo maker for startups, professionals and small businesses.",https://logomaster.ai,https://www.landingfolio.com/inspiration/post/Logomaster
Ambassadorwatches,The Prime Ambassador,https://ambassadorwatches.com,https://www.landingfolio.com/inspiration/post/Ambassadorwatches
Wip,Community of makers,https://wip.chat/about,https://www.landingfolio.com/inspiration/post/Wip
Overflow,User flows done right,https://overflow.io/,https://www.landingfolio.com/inspiration/post/Overflow
Brandmark,The most advanced AI logo design tool,http://brandmark.io/,https://www.landingfolio.com/inspiration/post/Brandmark
Paste,Paste for iOS,https://pasteapp.me/ios,https://www.landingfolio.com/inspiration/post/Paste
Priceintelligently,Pricing Strategy Driven by Data,https://www.priceintelligently.com,https://www.landingfolio.com/inspiration/post/Priceintelligently
Peakon,People Analytics & Employee Engagement Software,https://peakon.com/,https://www.landingfolio.com/inspiration/post/Peakon
Paymo,Hassle-Free Work Management Software for SMBs,http://www.paymoapp.com,https://www.landingfolio.com/inspiration/post/Paymo
Airdev,Leader in Bubble and No-Code Development,https://airdev.co/,https://www.landingfolio.com/inspiration/post/Airdev
Dealwithgrowth,Shopify Email Marketing Consultant & Klaviyo Expert,https://dealwithgrowth.com/,https://www.landingfolio.com/inspiration/post/Dealwithgrowth
Closekit,B2B Outreach / Prospecting / Auto Follow-ups in one tool,https://closekit.co/,https://www.landingfolio.com/inspiration/post/Closekit
Usebasin,"Powerful, easy-to-configure form backend",https://usebasin.com/,https://www.landingfolio.com/inspiration/post/Usebasin
Geticonjar,IconJar for macOS,https://geticonjar.com/,https://www.landingfolio.com/inspiration/post/Geticonjar
Mastodon,Giving social networking back to you,https://joinmastodon.org,https://www.landingfolio.com/inspiration/post/Mastodon
Status,"Private, Secure Communication",https://status.im,https://www.landingfolio.com/inspiration/post/Status
District0x,A network of decentralized markets and communities.,https://district0x.io,https://www.landingfolio.com/inspiration/post/District0x
Bounty0x,Earning Crypto Made Simple,https://bounty0x.io,https://www.landingfolio.com/inspiration/post/Bounty0x
Binded,Copyright made simple,https://binded.com,https://www.landingfolio.com/inspiration/post/Binded
Dataprovider,We Index The Web and Structure The Data,https://www.dataprovider.com,https://www.landingfolio.com/inspiration/post/Dataprovider
Sickdaybox,The Sick Day Survival Kit,https://sickdaybox.com/,https://www.landingfolio.com/inspiration/post/Sickdaybox
Tasman,Project Management App for Web Developers,https://tasman.io,https://www.landingfolio.com/inspiration/post/Tasman
Lemonade,Protect The Stuff You Love,https://www.lemonade.com/api,https://www.landingfolio.com/inspiration/post/Lemonade
Coinfalcon,"Buy and Sell Bitcoin, Ethereum",https://coinfalcon.com/,https://www.landingfolio.com/inspiration/post/Coinfalcon
Pingpong,User research platform for user interviews and user tests,https://hellopingpong.com/,https://www.landingfolio.com/inspiration/post/Pingpong
Fiftythree,Where your ideas come together,https://www.fiftythree.com/paste,https://www.landingfolio.com/inspiration/post/Fiftythree
Podia,"Sell Online Courses, Memberships, and Downloads",https://www.podia.com/,https://www.landingfolio.com/inspiration/post/Podia
Dropsource,Mobile Development | Mobile Design | Mobile Backends,https://www.dropsource.com/,https://www.landingfolio.com/inspiration/post/Dropsource
Relocate,Job relocation made easy.,https://relocate.me/,https://www.landingfolio.com/inspiration/post/Relocate
Convertflow,All-in-one platform for converting website visitors,https://app.convertflow.com/refer?afmc=3u,https://www.landingfolio.com/inspiration/post/Convertflow
Growtheme,The Only Proven Wordpress Theme For Professional Bloggers To Grow Your Email List,https://growtheme.com,https://www.landingfolio.com/inspiration/post/Growtheme
Themezaa,"Creative Agency, Corporate and Portfolio Multi-purpose Template",http://www.themezaa.com/html/pofo/,https://www.landingfolio.com/inspiration/post/Themezaa
Plant,Version control app and Sketch plugin for designers,https://plantapp.io,https://www.landingfolio.com/inspiration/post/Plant
99designs,"Logos, Web, Graphic Design & More",https://en.99designs.nl,https://www.landingfolio.com/inspiration/post/99designs
CampaignMonitor,Create stunning emails,https://hello.campaignmonitor.com/email-design/,https://www.landingfolio.com/inspiration/post/CampaignMonitor
Freshdesk,Customer support software,https://freshdesk.com,https://www.landingfolio.com/inspiration/post/Freshdesk
Dragable,JavaScript drag and drop library,https://shopify.github.io/draggable/,https://www.landingfolio.com/inspiration/post/Dragable
Tryshift,The Best Way to Manage All of Your Email and App Accounts,https://tryshift.com,https://www.landingfolio.com/inspiration/post/Tryshift
Draftsend,Create and Share Interactive Presentations With Just a PDF and Your Voice,https://draftsend.com/,https://www.landingfolio.com/inspiration/post/Draftsend
Spotonwifi,Get Better Reviews and More Guests with SpotOn,https://spotonwifi.com,https://www.landingfolio.com/inspiration/post/Spotonwifi
Stockpile,Your Favorite Stocks By The Dollar,https://www.stockpile.com/new,https://www.landingfolio.com/inspiration/post/Stockpile
Thestartupway,A framework for entrepreneurial management,http://thestartupway.com/,https://www.landingfolio.com/inspiration/post/Thestartupway
Niftypm,Project management made simple,http://niftypm.com/,https://www.landingfolio.com/inspiration/post/Niftypm
Aerolab,Web Design Case Study,https://aerolab.co/jampp,https://www.landingfolio.com/inspiration/post/Aerolab
Eurovps,Europe's Best Reseller Hosting,https://www.eurovps.com/reseller-hosting,https://www.landingfolio.com/inspiration/post/Eurovps
Aventr,Happster Feedback Integration for Slack,https://www.aventr.com/happster/slack,https://www.landingfolio.com/inspiration/post/Aventr
Prismic,Make your website editable for the whole team,https://prismic.io,https://www.landingfolio.com/inspiration/post/Prismic
Ascendindiana,Connect talent with Indiana employers.,http://ascendindiana.com,https://www.landingfolio.com/inspiration/post/Ascendindiana
Litmus,Are you getting the most out of your email marketing?,https://litmus.com,https://www.landingfolio.com/inspiration/post/Litmus
Topologyeyewear,Custom-Tailored Eyewear,https://www.topologyeyewear.com/,https://www.landingfolio.com/inspiration/post/Topologyeyewear
Webflow,"Responsive web design tool, CMS, and hosting platform",https://webflow.com,https://www.landingfolio.com/inspiration/post/Webflow
Idonethis,Team Progress Tracking Software,https://idonethis.com,https://www.landingfolio.com/inspiration/post/Idonethis
Webscopeapp,Easy Client Communication,https://webscopeapp.com,https://www.landingfolio.com/inspiration/post/Webscopeapp
Jar,An Easier Project Management Software For Work Requests,http://jarhq.com/,https://www.landingfolio.com/inspiration/post/Jar
Betafamily,Find beta testers to your iOS or Android app beta testing,https://betafamily.com/,https://www.landingfolio.com/inspiration/post/Betafamily
PrismaLabs,Building the future of photo and video editing,https://sticky-ai.com,https://www.landingfolio.com/inspiration/post/PrismaLabs
Gathercontent,Content Operations Platform,https://gathercontent.com,https://www.landingfolio.com/inspiration/post/Gathercontent
Verloop,World's Smartest Conversational Marketing and Sales Platform,https://verloop.io/,https://www.landingfolio.com/inspiration/post/Verloop
Platforma 2,Platforma Wireframe Kit,https://gumroad.com/a/287749235,https://www.landingfolio.com/inspiration/post/Platforma-2
Drift,Drift is a conversational marketing and sales platform.,https://www.drift.com/how-drift-works/,https://www.landingfolio.com/inspiration/post/Drift
Hotelchamp,Boost your hotel's direct bookings,https://www.hotelchamp.com,https://www.landingfolio.com/inspiration/post/Hotelchamp
Collect,Replace web forms with an interactive chatbot,https://collect.chat/,https://www.landingfolio.com/inspiration/post/Collect
Mangools,Juicy SEO Tools You Will Love,https://mangools.com,https://www.landingfolio.com/inspiration/post/Mangools
Goabstract,"Design Version Control, Collaboration, & Handoff for Teams",https://www.goabstract.com/,https://www.landingfolio.com/inspiration/post/Goabstract
Omniconvert,The website conversion optimization tool for smart marketers,http://omniconvert.com,https://www.landingfolio.com/inspiration/post/Omniconvert
Bonsai,"Put your freelancing
on autopilot.",https://www.hellobonsai.com,https://www.landingfolio.com/inspiration/post/Bonsai
Sumo,Bullsh*t marketing speak,https://sumo.com,https://www.landingfolio.com/inspiration/post/Sumo
Onroadmap,Visual prioritisation software,https://onroadmap.com/,https://www.landingfolio.com/inspiration/post/Onroadmap
Cashnotify,Payment notifications app for Stripe and PayPal,https://cashnotify.com,https://www.landingfolio.com/inspiration/post/Cashnotify
Upresume,Create Your Resume in 5 Minutes,https://upresume.com,https://www.landingfolio.com/inspiration/post/Upresume
Canny,Customer Feedback Management Tool,https://canny.io,https://www.landingfolio.com/inspiration/post/Canny
Belightsoft,Easy Desktop Publishing and Page Layout Software for Mac,http://www.belightsoft.com/swift-publisher/,https://www.landingfolio.com/inspiration/post/Belightsoft
Alchemy,Open Source Image-to-PDF Converter,http://dawnlabs.io/alchemy/,https://www.landingfolio.com/inspiration/post/Alchemy
Kin,Money for the digital world,https://kin.kik.com/,https://www.landingfolio.com/inspiration/post/Kin
Headline Formulas,200 Best Headlines Formulas That Convert,http://landingfolio.com/headline/,https://www.landingfolio.com/inspiration/post/Headline-Formulas
Vyper,Viral Leaderboard Contests,https://vyper.io/t/leaderboards/,https://www.landingfolio.com/inspiration/post/Vyper
Quuupromote,Promote your blog to real people via real people,http://quuupromote.co/,https://www.landingfolio.com/inspiration/post/Quuupromote
Logopony,Create Custom Logos in Minutes,https://www.logopony.com/,https://www.landingfolio.com/inspiration/post/Logopony
Deskpass,Coworking & Shared Offices,https://www.deskpass.com,https://www.landingfolio.com/inspiration/post/Deskpass
Growthbeats,Clean Up File Clutter On Your Mac,http://www.growthbeats.com/quickshift,https://www.landingfolio.com/inspiration/post/Growthbeats
Graph,Graphcool QL Backend Development Framework,https://www.graph.cool/,https://www.landingfolio.com/inspiration/post/Graph
Craftwork,Carefully crafted iPhone 7 Plus mockups for creatives,http://getcraftwork.com/hero-iphone-7-plus/,https://www.landingfolio.com/inspiration/post/Craftwork
Iterate,User-friendly research tools,https://iteratehq.com/,https://www.landingfolio.com/inspiration/post/Iterate
Coneapp,Live Color Picker,https://coneapp.io/,https://www.landingfolio.com/inspiration/post/Coneapp
Vanido,Vanido,https://vanido.io/,https://www.landingfolio.com/inspiration/post/Vanido
Presscleaners,Laundry & Dry Cleaning Delivered to Your Door,https://www.presscleaners.com/,https://www.landingfolio.com/inspiration/post/Presscleaners
Csspeeper,Smart CSS viewer tailored for Designers,https://csspeeper.com,https://www.landingfolio.com/inspiration/post/Csspeeper
Tapcart,Create a world-class mobile ecommerce app with Tapcart,https://tapcart.co/,https://www.landingfolio.com/inspiration/post/Tapcart
Nylas,Communications APIs for Developers,https://nylas.com/,https://www.landingfolio.com/inspiration/post/Nylas
Teampaper,Take screenshots and comment them for macOS,http://teampaper.me/snap/,https://www.landingfolio.com/inspiration/post/Teampaper
Mypickwish,A teacher wish list for school supplies.,http://www.mypickwish.com,https://www.landingfolio.com/inspiration/post/Mypickwish
Wholedesignstudios,Whole Design Studios,http://wholedesignstudios.com,https://www.landingfolio.com/inspiration/post/Wholedesignstudios
Grooow,Made With Page Builders,https://grooow.io/cornerstone-essentials/,https://www.landingfolio.com/inspiration/post/Grooow
Optixapp,Software for Better Coworking Spaces,https://www.optixapp.com,https://www.landingfolio.com/inspiration/post/Optixapp
Kickresume,The Job Seekerâ€™s Guide to the Galaxy,https://www.kickresume.com/books/job-seekers-guide-to-the-galaxy/,https://www.landingfolio.com/inspiration/post/Kickresume
Commhealthcare,Community Home Health Care,http://commhealthcare.com,https://www.landingfolio.com/inspiration/post/Commhealthcare
Radesign,Mobile and web designer,http://radesign.in,https://www.landingfolio.com/inspiration/post/Radesign
OurEvent,Manage Your Event,http://oureventapp.com,https://www.landingfolio.com/inspiration/post/OurEvent
Appradar,Improve Your App Store Rankings and Get More Users,https://appradar.com,https://www.landingfolio.com/inspiration/post/Appradar
Chec,"Customize your cart, checkout & storefront",https://chec.io,https://www.landingfolio.com/inspiration/post/Chec
Raywenderlich,"Your favorite tutorials, now in video form.",https://store.raywenderlich.com/products/subscription,https://www.landingfolio.com/inspiration/post/Raywenderlich
Bizplan,Online business planning tools and software for startups.,https://www.bizplan.com/,https://www.landingfolio.com/inspiration/post/Bizplan
Meetingbird,"Less Scheduling, More Doing",https://www.meetingbird.com/,https://www.landingfolio.com/inspiration/post/Meetingbird
Elementor,The World's Leading WordPress Page Builder,https://elementor.com,https://www.landingfolio.com/inspiration/post/Elementor
Slowly,Write a letter to the world,https://www.getslowly.com/,https://www.landingfolio.com/inspiration/post/Slowly
Timely,Fully Automatic Time Tracking,https://timelyapp.com,https://www.landingfolio.com/inspiration/post/Timely
Slack,Slack for Enterprises,https://slack.com/enterprise,https://www.landingfolio.com/inspiration/post/Slack
Flycash,Expense tracking as easy as Chatting,https://flycash.me/,https://www.landingfolio.com/inspiration/post/Flycash
CakeResume,Making Your Resume a Piece of Cake,https://www.cakeresume.com/v2,https://www.landingfolio.com/inspiration/post/CakeResume
Tettra,Internal wiki & company knowledge base software,https://tettra.co/,https://www.landingfolio.com/inspiration/post/Tettra
Codementor,Hire Remote Developers & Engineering Teams,https://hire.codementor.io/,https://www.landingfolio.com/inspiration/post/Codementor
Visibook,Appointment Scheduling Software,https://visibook.com/,https://www.landingfolio.com/inspiration/post/Visibook
Scaleapi,Audio Annotation and Speech Annotation for NLP,https://www.scaleapi.com/audio-transcription,https://www.landingfolio.com/inspiration/post/Scaleapi
Setapp,The best apps for Mac in one suite,https://setapp.com/,https://www.landingfolio.com/inspiration/post/Setapp
Skore,The ultimate stack for digital learning.,http://www.skore.io/,https://www.landingfolio.com/inspiration/post/Skore
Standuply,The First-Ever Project Management Digital Assistant,http://standuply.com/,https://www.landingfolio.com/inspiration/post/Standuply
Blurbiz,Social Video Creation At the Speed of Light,http://blurbiz.io,https://www.landingfolio.com/inspiration/post/Blurbiz
Logojoy,Logo Design & Brand Identity Platform for Entrepreneurs,https://www.logojoy.com/,https://www.landingfolio.com/inspiration/post/Logojoy
Dashboarduikit,Master the Art of Interface Design,http://dashboarduikit.com/,https://www.landingfolio.com/inspiration/post/Dashboarduikit
Indinero,Startup Accounting Software with Fractional CFO Services,http://www.indinero.com/,https://www.landingfolio.com/inspiration/post/Indinero
Logikcull,Instant Discovery for Modern Legal Teams,http://logikcull.com/,https://www.landingfolio.com/inspiration/post/Logikcull
Ofcoursebooks,Helping online course makers create workbooks for their students.,https://ofcoursebooks.com/,https://www.landingfolio.com/inspiration/post/Ofcoursebooks
Lingo,The visual home for your brand,https://www.lingoapp.com/,https://www.landingfolio.com/inspiration/post/Lingo
Bonfire,Design your own shirt on material youâ€™ll love,https://www.bonfire.com/,https://www.landingfolio.com/inspiration/post/Bonfire
Conversionskit,Same Visitors. More Conversions.,https://www.conversionskit.com,https://www.landingfolio.com/inspiration/post/Conversionskit
Proofy,Email Verification & List Cleaning Services,http://proofy.io/,https://www.landingfolio.com/inspiration/post/Proofy
Withjack,Be a confident freelancer,https://withjack.co.uk/,https://www.landingfolio.com/inspiration/post/Withjack
Nuageapp,Domain names with no hassle,https://www.nuageapp.com/,https://www.landingfolio.com/inspiration/post/Nuageapp
Bukket,All-in-One Screen Capture and Recording app,http://bukketapp.com/,https://www.landingfolio.com/inspiration/post/Bukket
Amplitude,Product Analytics for Web and Mobile,https://amplitude.com/,https://www.landingfolio.com/inspiration/post/Amplitude
Anylist,The best way to create and share a grocery shopping list.,https://www.anylistapp.com/,https://www.landingfolio.com/inspiration/post/Anylist
Automatic,Drive certain with automatic,https://www.automatic.com/,https://www.landingfolio.com/inspiration/post/Automatic
Backerkit,Crowdfunding Pledge Manager & Resources for Better Campaigns,https://www.backerkit.com/,https://www.landingfolio.com/inspiration/post/Backerkit
Impraise,The People Enablement Platform,http://www.impraise.com/,https://www.landingfolio.com/inspiration/post/Impraise
Emburse,Modern Expense Management,https://www.emburse.com/,https://www.landingfolio.com/inspiration/post/Emburse
Flightfox,The new standard in corporate travel.,https://flightfox.com/,https://www.landingfolio.com/inspiration/post/Flightfox
Gitlab,The first single application for the entire DevOps lifecycle,https://about.gitlab.com/,https://www.landingfolio.com/inspiration/post/Gitlab
Gravitational,Securely Run Your Applications In Any Environment,http://gravitational.com/,https://www.landingfolio.com/inspiration/post/Gravitational
Hellosign,Legally Binding Electronic Signatures,https://www.hellosign.com/,https://www.landingfolio.com/inspiration/post/Hellosign
Memsql,No-Limits Database Powering Modern Applications and Analytical Systems,http://www.memsql.com/,https://www.landingfolio.com/inspiration/post/Memsql
Flinto,The App Design App,https://www.flinto.com/mac/,https://www.landingfolio.com/inspiration/post/Flinto
Getkap,Capture your screen,https://getkap.co/,https://www.landingfolio.com/inspiration/post/Getkap
Subform,Dynamic layout meets direct manipulation,https://subformapp.com/,https://www.landingfolio.com/inspiration/post/Subform
Heek,Together we are going to make your website in just one chat,https://www.heek.com/,https://www.landingfolio.com/inspiration/post/Heek
Videolicious,Personalized Video Creation Platform,https://videolicious.com/,https://www.landingfolio.com/inspiration/post/Videolicious
Gusto,"The All-In-One People Platform for Payroll, Benefits, HR",https://gusto.com,https://www.landingfolio.com/inspiration/post/Gusto
Hive,Sell more with personalized email marketing.,https://www.hive.co,https://www.landingfolio.com/inspiration/post/Hive
Livechat,Integrate your LiveChat with Facebook Messenger,https://www.livechatinc.com/facebook-messenger/,https://www.landingfolio.com/inspiration/post/Livechat
Pleo,Company card that does your expense reports,https://www.pleo.io,https://www.landingfolio.com/inspiration/post/Pleo
Withjoy,"Wedding Website, Guest List, Invitations & More",https://withjoy.com,https://www.landingfolio.com/inspiration/post/Withjoy
Clever,Single sign-on for education,https://clever.com,https://www.landingfolio.com/inspiration/post/Clever
Ablehealth,"Quality management, meet quality service",http://ablehealth.com,https://www.landingfolio.com/inspiration/post/Ablehealth
Bankjoy,Digital Banking for Banks and Credit Unions,https://bankjoy.com,https://www.landingfolio.com/inspiration/post/Bankjoy
Heroku,Cloud Application Platform,https://www.heroku.com/home,https://www.landingfolio.com/inspiration/post/Heroku
Imgix,Image processing and optimization API - Image CDN,http://imgix.com/,https://www.landingfolio.com/inspiration/post/Imgix
Disqus,Express Yourself,https://disqus.com/,https://www.landingfolio.com/inspiration/post/Disqus
Eligible,The new world for revenue cycle management,https://eligible.com/,https://www.landingfolio.com/inspiration/post/Eligible
Leftronic,Latest Tech Jobs Across The World,https://www.leftronic.com/,https://www.landingfolio.com/inspiration/post/Leftronic
Gigster,Your new team is ready.,https://gigster.com/,https://www.landingfolio.com/inspiration/post/Gigster
Oivo,Power in Your Pocket,http://oivo.pw/,https://www.landingfolio.com/inspiration/post/Oivo
Quilljs,Your powerful rich text editor,http://quilljs.com/,https://www.landingfolio.com/inspiration/post/Quilljs
Delighted,Customer feedback with Net Promoter Score,https://delighted.com,https://www.landingfolio.com/inspiration/post/Delighted
Usersinsights,WordPress User Management Plugin,https://usersinsights.com,https://www.landingfolio.com/inspiration/post/Usersinsights
Billdogg,Beautifully simple invoice generator.,http://billdogg.com/,https://www.landingfolio.com/inspiration/post/Billdogg
Waaffle,"Aggregate, analyse and publish social content from Instagram & Twitter",https://waaffle.com,https://www.landingfolio.com/inspiration/post/Waaffle
Lookback,Simple and powerful user research,https://lookback.io,https://www.landingfolio.com/inspiration/post/Lookback
Messagebird,"Reach 7 billion phones in seconds via SMS, Voice & WhatsApp.",https://www.messagebird.com/en-gb/,https://www.landingfolio.com/inspiration/post/Messagebird
Klientboost,"PPC Management, Paid Social, & CRO Experts",https://klientboost.com,https://www.landingfolio.com/inspiration/post/Klientboost
Cashierlive,Run your store with smart POS software,https://www.cashierlive.com,https://www.landingfolio.com/inspiration/post/Cashierlive
Getcloudapp,"Screen Recorder Video, Webcam, GIF Recording Software for Mac & PC",https://www.getcloudapp.com,https://www.landingfolio.com/inspiration/post/Getcloudapp
Firewatchgame,Mystery set in the Wyoming wilderness,http://www.firewatchgame.com,https://www.landingfolio.com/inspiration/post/Firewatchgame
Avocode,Open and Inspect any Design without Design Tools,https://avocode.com/features-designer.html,https://www.landingfolio.com/inspiration/post/Avocode
Civic,Digital wallet for money and cryptocurrency,https://www.civic.com,https://www.landingfolio.com/inspiration/post/Civic
Typeform,The future of forms is here,https://www.typeform.com/,https://www.landingfolio.com/inspiration/post/Typeform
Alfred,Productivity App for macOS,https://www.alfredapp.com/,https://www.landingfolio.com/inspiration/post/Alfred
Bucketlistly,"Backpacking Adventure, Travel Guides and Digital Nomad Resources",http://www.bucketlistly.com/,https://www.landingfolio.com/inspiration/post/Bucketlistly
Stencil,The Web's Favorite Online Graphic Design Tool,https://getstencil.com/,https://www.landingfolio.com/inspiration/post/Stencil
Vendhq,Best POS Software for Small Business Retail,https://www.vendhq.com/,https://www.landingfolio.com/inspiration/post/Vendhq
Chargebee,Automated Subscription Billing Software,https://www.chargebee.com/,https://www.landingfolio.com/inspiration/post/Chargebee
Heap,The New Standard in Product Analytics,https://heapanalytics.com/,https://www.landingfolio.com/inspiration/post/Heap
Bear,"Notes for iPhone, iPad and Mac",http://www.bear-app.net/,https://www.landingfolio.com/inspiration/post/Bear
Salesmachine,Customer Success Software Platform,https://salesmachine.io/,https://www.landingfolio.com/inspiration/post/Salesmachine
Customer,Marketing Automation for the Whole Customer Lifecycle,https://customer.io,https://www.landingfolio.com/inspiration/post/Customer
Getvero,Customer messaging platform,https://www.getvero.com/,https://www.landingfolio.com/inspiration/post/Getvero
Snappa,Quick & Easy Graphic Design Software,https://snappa.io/,https://www.landingfolio.com/inspiration/post/Snappa
Groove,Build better customer experiences with Groove,https://www.groovehq.com/,https://www.landingfolio.com/inspiration/post/Groove
Plum,The AI assistant that grows your money.,https://withplum.com/,https://www.landingfolio.com/inspiration/post/Plum
Hund,Hosted Status Page Service,https://hund.io/,https://www.landingfolio.com/inspiration/post/Hund
Polly,Survey Software built for Slack and Microsoft Teams,https://www.polly.ai/,https://www.landingfolio.com/inspiration/post/Polly
Frontdoor,Chat API and Javascript SDK for websites and apps.,https://frontdoor.im/,https://www.landingfolio.com/inspiration/post/Frontdoor
Electron,"Build cross-platform desktop apps with JavaScript, HTML, and CSS.",http://electron.atom.io/,https://www.landingfolio.com/inspiration/post/Electron
Chatfuel,"Increase sales, reduce costs, and automate support on Facebook",https://chatfuel.com/,https://www.landingfolio.com/inspiration/post/Chatfuel
Mollie,"Enjoy the freedom to create any payment plan that fits your business, so you can effortlessly collect your recurring payments.",https://www.mollie.com/en/recurring,https://www.landingfolio.com/inspiration/post/Mollie
Ooshot,"Photo, video, motion design, brand content.",https://www.ooshot.com/,https://www.landingfolio.com/inspiration/post/Ooshot
Smooch,The messaging platform for conversational business,https://smooch.io/,https://www.landingfolio.com/inspiration/post/Smooch
Framer,A lightning fast interactive design tool.,http://framerjs.com/,https://www.landingfolio.com/inspiration/post/Framer
Usepowwow,smarter appointment scheduling.,http://usepowwow.com/,https://www.landingfolio.com/inspiration/post/Usepowwow
Chrisducker,Helping Entrepreneurs Become More Productive & Profitable,http://www.chrisducker.com/,https://www.landingfolio.com/inspiration/post/Chrisducker
Marketizator,The website conversion optimization tool for smart marketers,https://www.marketizator.com/,https://www.landingfolio.com/inspiration/post/Marketizator
Grafomap,Create and order gorgeous custom maps and posters,http://grafomap.com/,https://www.landingfolio.com/inspiration/post/Grafomap
Countryos,The best way to manage your country in the 21st century,https://countryos.com/,https://www.landingfolio.com/inspiration/post/Countryos
Usabilla,Build Future-Proof Customer Experiences,https://usabilla.com,https://www.landingfolio.com/inspiration/post/Usabilla
Frrand,Instant Restaurant Availability,http://frrand.com/,https://www.landingfolio.com/inspiration/post/Frrand
Baremetrics,"Subscription Analytics & Insights for Stripe, Braintree, Recurly and more!",https://baremetrics.com/,https://www.landingfolio.com/inspiration/post/Baremetrics
Floppi,Collaborate on any file with anyone,https://www.floppi.com/,https://www.landingfolio.com/inspiration/post/Floppi
Tunnelbear,Secure VPN Service,https://www.tunnelbear.com/,https://www.landingfolio.com/inspiration/post/Tunnelbear
Revue,An editorial newsletter tool for writers and publishers.,https://www.getrevue.co/,https://www.landingfolio.com/inspiration/post/Revue
Activecollab,Project Management Software,https://www.activecollab.com/,https://www.landingfolio.com/inspiration/post/Activecollab
Boom,Supersonic Passenger Airplanes,http://boom.aero/,https://www.landingfolio.com/inspiration/post/Boom
Quip,Transform Business Processes in SalesforceQuip,https://quip.com,https://www.landingfolio.com/inspiration/post/Quip
Ionic,Cross Platform Mobile App Development,http://ionic.io,https://www.landingfolio.com/inspiration/post/Ionic
Tenonedesign,Turn your charger so it fits,https://tenonedesign.com/blockhead.php,https://www.landingfolio.com/inspiration/post/Tenonedesign
Refold,So much more than just a desk,http://www.refold.co/#about,https://www.landingfolio.com/inspiration/post/Refold
Rebrandly,"Custom URL Shortener, Branded Link Management, API",https://www.rebrandly.com/,https://www.landingfolio.com/inspiration/post/Rebrandly
Wpforms,The World's Best Drag & Drop WordPress Forms Plugin,http://www.wpforms.com,https://www.landingfolio.com/inspiration/post/Wpforms
Greenhouse,Recruiting Software & Applicant Tracking System,http://www.greenhouse.io/,https://www.landingfolio.com/inspiration/post/Greenhouse
Hustlepanda,Help brand startups,https://hustlepanda.com/,https://www.landingfolio.com/inspiration/post/Hustlepanda
Mollie,Show customers who you are and what you stand for.,https://www.mollie.com/en/checkout,https://www.landingfolio.com/inspiration/post/Mollie
Neonmob,A Game & Marketplace of Digital Art Trading Cards,https://www.neonmob.com/,https://www.landingfolio.com/inspiration/post/Neonmob
Stripe,Turn your idea into a startup,https://stripe.com/atlas,https://www.landingfolio.com/inspiration/post/Stripe
Segment,Customer Data Platform,https://segment.com,https://www.landingfolio.com/inspiration/post/Segment
Buzzstream,Link Building and Digital PR Tools,http://www.buzzstream.com/,https://www.landingfolio.com/inspiration/post/Buzzstream
Sendwithscout,Scout â€“ Next-Gen Postcard Marketing.,http://www.sendwithscout.com/,https://www.landingfolio.com/inspiration/post/Sendwithscout
Haloneuro,Upgrade Your Brain,https://www.haloneuro.com,https://www.landingfolio.com/inspiration/post/Haloneuro
Uxtesting,User Insight Solutions for Enterprises,https://www.uxtesting.io/,https://www.landingfolio.com/inspiration/post/Uxtesting
Explodingkittens,Exploding Kittens,http://explodingkittens.com/app,https://www.landingfolio.com/inspiration/post/Explodingkittens
Chimpessentials,The premiere training for using Mailchimp to run your online business,https://chimpessentials.com/,https://www.landingfolio.com/inspiration/post/Chimpessentials
Mapbox,,https://www.mapbox.com/,https://www.landingfolio.com/inspiration/post/Mapbox
Semplicelabs,Create your custom online design portfolio,http://www.semplicelabs.com,https://www.landingfolio.com/inspiration/post/Semplicelabs
Blendle,Discover the best journalism.,https://launch.blendle.com/,https://www.landingfolio.com/inspiration/post/Blendle
Macpaw,Clean and Manage External Drives,http://macpaw.com/cleanmydrive,https://www.landingfolio.com/inspiration/post/Macpaw
Opbeat,Application Performance Monitoring (APM) with Elasticsearch,https://opbeat.com/,https://www.landingfolio.com/inspiration/post/Opbeat
Getfreebird,Flight protection re-imagined. | Freebird,https://www.getfreebird.com,https://www.landingfolio.com/inspiration/post/Getfreebird
Super,Provides care and repair for your home.,https://www.hellosuper.com,https://www.landingfolio.com/inspiration/post/Super
Dribbble,Potato landing page,https://dribbble.com/shots/2042501-Potato-landing-page,https://www.landingfolio.com/inspiration/post/Dribbble
Montagebook,"Photo Books, Photo Cards, Scrapbooks, Yearbooks and Calendars",https://www.montagebook.com/,https://www.landingfolio.com/inspiration/post/Montagebook
Mention,Monitoring and Social Media Management,https://mention.com/en/,https://www.landingfolio.com/inspiration/post/Mention
Sockfancy,Awesome socks delivered every month.,https://www.sockfancy.com/,https://www.landingfolio.com/inspiration/post/Sockfancy
Barkbox,Give your dog exactly what they want,https://barkbox.com/,https://www.landingfolio.com/inspiration/post/Barkbox
Any,"To do list app with Calendar, Planner & Reminders",http://www.any.do,https://www.landingfolio.com/inspiration/post/Any
Ding,Time tracking that doesn't suck.,https://ding.io/,https://www.landingfolio.com/inspiration/post/Ding
Asana,"Manage your teamâ€™s work, projects, & tasks online.",https://asana.com/,https://www.landingfolio.com/inspiration/post/Asana
Devmarketing,Marketing for Developers,http://devmarketing.xyz/,https://www.landingfolio.com/inspiration/post/Devmarketing
Pagelanes,"Social Media Management Tool for Teams, Brands & Agencies",https://pagelanes.com/,https://www.landingfolio.com/inspiration/post/Pagelanes
Carthook,Add Post-Purchase Upsells and Grow Your Average Order Value,https://carthook.com,https://www.landingfolio.com/inspiration/post/Carthook
Woopra,"Customer Journey Analytics for Web, Mobile, Product and Beyond",https://www.woopra.com/,https://www.landingfolio.com/inspiration/post/Woopra
Getform,Easy form endpoints for your forms,https://getform.org/,https://www.landingfolio.com/inspiration/post/Getform
Bubble,Build it now with Bubble.,https://bubble.is,https://www.landingfolio.com/inspiration/post/Bubble
Webflow,The web CMS for designers,https://webflow.com/cms,https://www.landingfolio.com/inspiration/post/Webflow
Snipcart,Add a Shopping Cart to Any Website in Minutes,https://snipcart.com/,https://www.landingfolio.com/inspiration/post/Snipcart
Replyapp,Sales Automation and Sales Engagement Platform,http://replyapp.io/,https://www.landingfolio.com/inspiration/post/Replyapp
Nebia,A better shower for you and the planet.,http://www.nebia.com/,https://www.landingfolio.com/inspiration/post/Nebia
Gosquared,Analytics and Live Chat software,https://www.gosquared.com/,https://www.landingfolio.com/inspiration/post/Gosquared
Ghostnote,Contextual Notes Todo For Your Mac,https://www.ghostnoteapp.com/,https://www.landingfolio.com/inspiration/post/Ghostnote
Thesquarefoot,Commercial Real Estate and Office Space,http://www.thesquarefoot.com/,https://www.landingfolio.com/inspiration/post/Thesquarefoot
Mixpanel,"Product and User Behavioral Analytics for Mobile, Web, & More",https://mixpanel.com/,https://www.landingfolio.com/inspiration/post/Mixpanel
Abacus,Real Time Expense Reporting Software,https://www.abacus.com/,https://www.landingfolio.com/inspiration/post/Abacus
Algolia,Modern site search for companies of all sizes,https://www.algolia.com/,https://www.landingfolio.com/inspiration/post/Algolia
Azendoo,The work management platform for your team,https://www.azendoo.com/task-pilot,https://www.landingfolio.com/inspiration/post/Azendoo
Density,People Counting Sensors & Software for Businesses,http://www.density.io/,https://www.landingfolio.com/inspiration/post/Density
Mocktotype,A Simple Tool to Display Your Mockup in a Browser,http://mocktotype.com/,https://www.landingfolio.com/inspiration/post/Mocktotype
Contentmarketer,A Simple Cold Email Outreach Tool & Templates | Mailshake,https://contentmarketer.io/try/,https://www.landingfolio.com/inspiration/post/Contentmarketer
Cushionapp,Peace of mind for freelancers,http://cushionapp.com/,https://www.landingfolio.com/inspiration/post/Cushionapp
Getballpark,"Online Invoicing, Time Tracking, and CRM Software",http://www.getballpark.com/,https://www.landingfolio.com/inspiration/post/Getballpark
